[{"model": "admin.logentry", "pk": 1, "fields": {"action_time": "2024-04-18T13:45:52.506", "user": 1, "content_type": 10, "object_id": "1", "object_repr": "Coffee", "action_flag": 1, "change_message": "[{\"added\": {}}]"}}, {"model": "admin.logentry", "pk": 2, "fields": {"action_time": "2024-04-18T13:46:02.688", "user": 1, "content_type": 10, "object_id": "2", "object_repr": "Ade", "action_flag": 1, "change_message": "[{\"added\": {}}]"}}, {"model": "admin.logentry", "pk": 3, "fields": {"action_time": "2024-04-18T13:46:07.435", "user": 1, "content_type": 10, "object_id": "2", "object_repr": "Tea", "action_flag": 2, "change_message": "[{\"changed\": {\"fields\": [\"Category name\"]}}]"}}, {"model": "admin.logentry", "pk": 4, "fields": {"action_time": "2024-04-18T13:46:17.163", "user": 1, "content_type": 10, "object_id": "2", "object_repr": "Ade", "action_flag": 2, "change_message": "[{\"changed\": {\"fields\": [\"Category name\"]}}]"}}, {"model": "admin.logentry", "pk": 5, "fields": {"action_time": "2024-04-18T13:46:32.993", "user": 1, "content_type": 10, "object_id": "3", "object_repr": "Tea", "action_flag": 1, "change_message": "[{\"added\": {}}]"}}, {"model": "admin.logentry", "pk": 6, "fields": {"action_time": "2024-04-18T13:46:36.826", "user": 1, "content_type": 10, "object_id": "4", "object_repr": "Frappe", "action_flag": 1, "change_message": "[{\"added\": {}}]"}}, {"model": "admin.logentry", "pk": 7, "fields": {"action_time": "2024-04-18T13:46:40.122", "user": 1, "content_type": 10, "object_id": "5", "object_repr": "Cake", "action_flag": 1, "change_message": "[{\"added\": {}}]"}}, {"model": "admin.logentry", "pk": 8, "fields": {"action_time": "2024-04-18T13:46:43.758", "user": 1, "content_type": 10, "object_id": "6", "object_repr": "Salad", "action_flag": 1, "change_message": "[{\"added\": {}}]"}}, {"model": "admin.logentry", "pk": 9, "fields": {"action_time": "2024-04-18T13:47:24.081", "user": 1, "content_type": 7, "object_id": "1", "object_repr": "아메리카노", "action_flag": 1, "change_message": "[{\"added\": {}}]"}}, {"model": "admin.logentry", "pk": 10, "fields": {"action_time": "2024-04-18T13:47:31.142", "user": 1, "content_type": 7, "object_id": "2", "object_repr": "카페라떼", "action_flag": 1, "change_message": "[{\"added\": {}}]"}}, {"model": "admin.logentry", "pk": 11, "fields": {"action_time": "2024-04-18T13:47:37.980", "user": 1, "content_type": 7, "object_id": "3", "object_repr": "카푸치노", "action_flag": 1, "change_message": "[{\"added\": {}}]"}}, {"model": "admin.logentry", "pk": 12, "fields": {"action_time": "2024-04-18T13:47:43.661", "user": 1, "content_type": 7, "object_id": "4", "object_repr": "바닐라라떼", "action_flag": 1, "change_message": "[{\"added\": {}}]"}}, {"model": "admin.logentry", "pk": 13, "fields": {"action_time": "2024-04-18T13:47:52.361", "user": 1, "content_type": 7, "object_id": "5", "object_repr": "그린티라떼", "action_flag": 1, "change_message": "[{\"added\": {}}]"}}, {"model": "admin.logentry", "pk": 14, "fields": {"action_time": "2024-04-18T13:48:00.931", "user": 1, "content_type": 7, "object_id": "6", "object_repr": "레몬에이드", "action_flag": 1, "change_message": "[{\"added\": {}}]"}}, {"model": "admin.logentry", "pk": 15, "fields": {"action_time": "2024-04-18T13:48:09.080", "user": 1, "content_type": 7, "object_id": "7", "object_repr": "자몽에이드", "action_flag": 1, "change_message": "[{\"added\": {}}]"}}, {"model": "admin.logentry", "pk": 16, "fields": {"action_time": "2024-04-18T13:48:20.313", "user": 1, "content_type": 7, "object_id": "8", "object_repr": "망고에이드", "action_flag": 1, "change_message": "[{\"added\": {}}]"}}, {"model": "admin.logentry", "pk": 17, "fields": {"action_time": "2024-04-18T13:48:26.743", "user": 1, "content_type": 7, "object_id": "9", "object_repr": "유자차", "action_flag": 1, "change_message": "[{\"added\": {}}]"}}, {"model": "admin.logentry", "pk": 18, "fields": {"action_time": "2024-04-18T13:48:33.188", "user": 1, "content_type": 7, "object_id": "10", "object_repr": "페퍼민트", "action_flag": 1, "change_message": "[{\"added\": {}}]"}}, {"model": "admin.logentry", "pk": 19, "fields": {"action_time": "2024-04-18T13:48:39.089", "user": 1, "content_type": 7, "object_id": "11", "object_repr": "녹차", "action_flag": 1, "change_message": "[{\"added\": {}}]"}}, {"model": "admin.logentry", "pk": 20, "fields": {"action_time": "2024-04-18T13:48:44.388", "user": 1, "content_type": 7, "object_id": "12", "object_repr": "캐모마일", "action_flag": 1, "change_message": "[{\"added\": {}}]"}}, {"model": "admin.logentry", "pk": 21, "fields": {"action_time": "2024-04-18T13:48:50.360", "user": 1, "content_type": 7, "object_id": "13", "object_repr": "얼그레이", "action_flag": 1, "change_message": "[{\"added\": {}}]"}}, {"model": "admin.logentry", "pk": 22, "fields": {"action_time": "2024-04-18T13:48:57.034", "user": 1, "content_type": 7, "object_id": "14", "object_repr": "그린티프라페", "action_flag": 1, "change_message": "[{\"added\": {}}]"}}, {"model": "admin.logentry", "pk": 23, "fields": {"action_time": "2024-04-18T13:49:02.579", "user": 1, "content_type": 7, "object_id": "15", "object_repr": "오레오프라페", "action_flag": 1, "change_message": "[{\"added\": {}}]"}}, {"model": "admin.logentry", "pk": 24, "fields": {"action_time": "2024-04-18T13:49:07.972", "user": 1, "content_type": 7, "object_id": "16", "object_repr": "모카프라페", "action_flag": 1, "change_message": "[{\"added\": {}}]"}}, {"model": "admin.logentry", "pk": 25, "fields": {"action_time": "2024-04-18T13:49:13.859", "user": 1, "content_type": 7, "object_id": "17", "object_repr": "망고프라페", "action_flag": 1, "change_message": "[{\"added\": {}}]"}}, {"model": "admin.logentry", "pk": 26, "fields": {"action_time": "2024-04-18T13:49:19.686", "user": 1, "content_type": 7, "object_id": "18", "object_repr": "딸기프라페", "action_flag": 1, "change_message": "[{\"added\": {}}]"}}, {"model": "admin.logentry", "pk": 27, "fields": {"action_time": "2024-04-18T13:49:29.560", "user": 1, "content_type": 7, "object_id": "19", "object_repr": "당근케이크", "action_flag": 1, "change_message": "[{\"added\": {}}]"}}, {"model": "admin.logentry", "pk": 28, "fields": {"action_time": "2024-04-18T13:49:35.836", "user": 1, "content_type": 7, "object_id": "20", "object_repr": "레드벨벳케이크", "action_flag": 1, "change_message": "[{\"added\": {}}]"}}, {"model": "admin.logentry", "pk": 29, "fields": {"action_time": "2024-04-18T13:49:41.174", "user": 1, "content_type": 7, "object_id": "21", "object_repr": "홍차쉬폰", "action_flag": 1, "change_message": "[{\"added\": {}}]"}}, {"model": "admin.logentry", "pk": 30, "fields": {"action_time": "2024-04-18T13:49:47.977", "user": 1, "content_type": 7, "object_id": "22", "object_repr": "리얼초콜릿", "action_flag": 1, "change_message": "[{\"added\": {}}]"}}, {"model": "admin.logentry", "pk": 31, "fields": {"action_time": "2024-04-18T13:49:55.160", "user": 1, "content_type": 7, "object_id": "23", "object_repr": "체리치즈케이크", "action_flag": 1, "change_message": "[{\"added\": {}}]"}}, {"model": "admin.logentry", "pk": 32, "fields": {"action_time": "2024-04-18T13:50:02.907", "user": 1, "content_type": 7, "object_id": "24", "object_repr": "치킨 샐러드", "action_flag": 1, "change_message": "[{\"added\": {}}]"}}, {"model": "admin.logentry", "pk": 33, "fields": {"action_time": "2024-04-18T13:50:10.168", "user": 1, "content_type": 7, "object_id": "25", "object_repr": "시저 샐러드", "action_flag": 1, "change_message": "[{\"added\": {}}]"}}, {"model": "admin.logentry", "pk": 34, "fields": {"action_time": "2024-04-18T13:50:16.682", "user": 1, "content_type": 7, "object_id": "26", "object_repr": "망고 쉬림프 샐러드", "action_flag": 1, "change_message": "[{\"added\": {}}]"}}, {"model": "admin.logentry", "pk": 35, "fields": {"action_time": "2024-04-18T13:50:23.192", "user": 1, "content_type": 7, "object_id": "27", "object_repr": "카프레제 샐러드", "action_flag": 1, "change_message": "[{\"added\": {}}]"}}, {"model": "auth.permission", "pk": 1, "fields": {"name": "Can add log entry", "content_type": 1, "codename": "add_logentry"}}, {"model": "auth.permission", "pk": 2, "fields": {"name": "Can change log entry", "content_type": 1, "codename": "change_logentry"}}, {"model": "auth.permission", "pk": 3, "fields": {"name": "Can delete log entry", "content_type": 1, "codename": "delete_logentry"}}, {"model": "auth.permission", "pk": 4, "fields": {"name": "Can view log entry", "content_type": 1, "codename": "view_logentry"}}, {"model": "auth.permission", "pk": 5, "fields": {"name": "Can add permission", "content_type": 2, "codename": "add_permission"}}, {"model": "auth.permission", "pk": 6, "fields": {"name": "Can change permission", "content_type": 2, "codename": "change_permission"}}, {"model": "auth.permission", "pk": 7, "fields": {"name": "Can delete permission", "content_type": 2, "codename": "delete_permission"}}, {"model": "auth.permission", "pk": 8, "fields": {"name": "Can view permission", "content_type": 2, "codename": "view_permission"}}, {"model": "auth.permission", "pk": 9, "fields": {"name": "Can add group", "content_type": 3, "codename": "add_group"}}, {"model": "auth.permission", "pk": 10, "fields": {"name": "Can change group", "content_type": 3, "codename": "change_group"}}, {"model": "auth.permission", "pk": 11, "fields": {"name": "Can delete group", "content_type": 3, "codename": "delete_group"}}, {"model": "auth.permission", "pk": 12, "fields": {"name": "Can view group", "content_type": 3, "codename": "view_group"}}, {"model": "auth.permission", "pk": 13, "fields": {"name": "Can add user", "content_type": 4, "codename": "add_user"}}, {"model": "auth.permission", "pk": 14, "fields": {"name": "Can change user", "content_type": 4, "codename": "change_user"}}, {"model": "auth.permission", "pk": 15, "fields": {"name": "Can delete user", "content_type": 4, "codename": "delete_user"}}, {"model": "auth.permission", "pk": 16, "fields": {"name": "Can view user", "content_type": 4, "codename": "view_user"}}, {"model": "auth.permission", "pk": 17, "fields": {"name": "Can add content type", "content_type": 5, "codename": "add_contenttype"}}, {"model": "auth.permission", "pk": 18, "fields": {"name": "Can change content type", "content_type": 5, "codename": "change_contenttype"}}, {"model": "auth.permission", "pk": 19, "fields": {"name": "Can delete content type", "content_type": 5, "codename": "delete_contenttype"}}, {"model": "auth.permission", "pk": 20, "fields": {"name": "Can view content type", "content_type": 5, "codename": "view_contenttype"}}, {"model": "auth.permission", "pk": 21, "fields": {"name": "Can add session", "content_type": 6, "codename": "add_session"}}, {"model": "auth.permission", "pk": 22, "fields": {"name": "Can change session", "content_type": 6, "codename": "change_session"}}, {"model": "auth.permission", "pk": 23, "fields": {"name": "Can delete session", "content_type": 6, "codename": "delete_session"}}, {"model": "auth.permission", "pk": 24, "fields": {"name": "Can view session", "content_type": 6, "codename": "view_session"}}, {"model": "auth.permission", "pk": 25, "fields": {"name": "Can add menu", "content_type": 7, "codename": "add_menu"}}, {"model": "auth.permission", "pk": 26, "fields": {"name": "Can change menu", "content_type": 7, "codename": "change_menu"}}, {"model": "auth.permission", "pk": 27, "fields": {"name": "Can delete menu", "content_type": 7, "codename": "delete_menu"}}, {"model": "auth.permission", "pk": 28, "fields": {"name": "Can view menu", "content_type": 7, "codename": "view_menu"}}, {"model": "auth.permission", "pk": 29, "fields": {"name": "Can add current_ order", "content_type": 8, "codename": "add_current_order"}}, {"model": "auth.permission", "pk": 30, "fields": {"name": "Can change current_ order", "content_type": 8, "codename": "change_current_order"}}, {"model": "auth.permission", "pk": 31, "fields": {"name": "Can delete current_ order", "content_type": 8, "codename": "delete_current_order"}}, {"model": "auth.permission", "pk": 32, "fields": {"name": "Can view current_ order", "content_type": 8, "codename": "view_current_order"}}, {"model": "auth.permission", "pk": 33, "fields": {"name": "Can add order", "content_type": 9, "codename": "add_order"}}, {"model": "auth.permission", "pk": 34, "fields": {"name": "Can change order", "content_type": 9, "codename": "change_order"}}, {"model": "auth.permission", "pk": 35, "fields": {"name": "Can delete order", "content_type": 9, "codename": "delete_order"}}, {"model": "auth.permission", "pk": 36, "fields": {"name": "Can view order", "content_type": 9, "codename": "view_order"}}, {"model": "auth.permission", "pk": 37, "fields": {"name": "Can add category", "content_type": 10, "codename": "add_category"}}, {"model": "auth.permission", "pk": 38, "fields": {"name": "Can change category", "content_type": 10, "codename": "change_category"}}, {"model": "auth.permission", "pk": 39, "fields": {"name": "Can delete category", "content_type": 10, "codename": "delete_category"}}, {"model": "auth.permission", "pk": 40, "fields": {"name": "Can view category", "content_type": 10, "codename": "view_category"}}, {"model": "auth.user", "pk": 1, "fields": {"password": "pbkdf2_sha256$720000$BJeRvZbQzLY6PgF8yKVCZr$b9Zre3BA54Jrq9ROilvbkEPyobjYTL85iXqbCz4Vkfw=", "last_login": "2024-04-18T15:39:02.112", "is_superuser": true, "username": "admin", "first_name": "", "last_name": "", "email": "admin@email.com", "is_staff": true, "is_active": true, "date_joined": "2024-04-18T13:45:39.011", "groups": [], "user_permissions": []}}, {"model": "auth.user", "pk": 2, "fields": {"password": "pbkdf2_sha256$720000$bMghTXfeV9QaEJy1HG2QFY$jKQG9N6Nmo1whv1ywqTjHyPPcmqnMaO+P4glsJYTGP4=", "last_login": null, "is_superuser": false, "username": "likelion", "first_name": "", "last_name": "", "email": "", "is_staff": false, "is_active": true, "date_joined": "2024-04-18T15:27:12.633", "groups": [], "user_permissions": []}}, {"model": "contenttypes.contenttype", "pk": 1, "fields": {"app_label": "admin", "model": "logentry"}}, {"model": "contenttypes.contenttype", "pk": 2, "fields": {"app_label": "auth", "model": "permission"}}, {"model": "contenttypes.contenttype", "pk": 3, "fields": {"app_label": "auth", "model": "group"}}, {"model": "contenttypes.contenttype", "pk": 4, "fields": {"app_label": "auth", "model": "user"}}, {"model": "contenttypes.contenttype", "pk": 5, "fields": {"app_label": "contenttypes", "model": "contenttype"}}, {"model": "contenttypes.contenttype", "pk": 6, "fields": {"app_label": "sessions", "model": "session"}}, {"model": "contenttypes.contenttype", "pk": 7, "fields": {"app_label": "kiosk", "model": "menu"}}, {"model": "contenttypes.contenttype", "pk": 8, "fields": {"app_label": "kiosk", "model": "current_order"}}, {"model": "contenttypes.contenttype", "pk": 9, "fields": {"app_label": "kiosk", "model": "order"}}, {"model": "contenttypes.contenttype", "pk": 10, "fields": {"app_label": "kiosk", "model": "category"}}, {"model": "kiosk.category", "pk": 1, "fields": {"category_name": "Coffee"}}, {"model": "kiosk.category", "pk": 2, "fields": {"category_name": "Ade"}}, {"model": "kiosk.category", "pk": 3, "fields": {"category_name": "Tea"}}, {"model": "kiosk.category", "pk": 4, "fields": {"category_name": "Frappe"}}, {"model": "kiosk.category", "pk": 5, "fields": {"category_name": "Cake"}}, {"model": "kiosk.category", "pk": 6, "fields": {"category_name": "Salad"}}, {"model": "kiosk.menu", "pk": 1, "fields": {"menu_name": "아메리카노", "menu_price": 3500, "menu_category": 1}}, {"model": "kiosk.menu", "pk": 2, "fields": {"menu_name": "카페라떼", "menu_price": 3800, "menu_category": 1}}, {"model": "kiosk.menu", "pk": 3, "fields": {"menu_name": "카푸치노", "menu_price": 3800, "menu_category": 1}}, {"model": "kiosk.menu", "pk": 4, "fields": {"menu_name": "바닐라라떼", "menu_price": 3800, "menu_category": 1}}, {"model": "kiosk.menu", "pk": 5, "fields": {"menu_name": "그린티라떼", "menu_price": 4000, "menu_category": 1}}, {"model": "kiosk.menu", "pk": 6, "fields": {"menu_name": "레몬에이드", "menu_price": 3500, "menu_category": 2}}, {"model": "kiosk.menu", "pk": 7, "fields": {"menu_name": "자몽에이드", "menu_price": 3800, "menu_category": 2}}, {"model": "kiosk.menu", "pk": 8, "fields": {"menu_name": "망고에이드", "menu_price": 3800, "menu_category": 2}}, {"model": "kiosk.menu", "pk": 9, "fields": {"menu_name": "유자차", "menu_price": 4000, "menu_category": 3}}, {"model": "kiosk.menu", "pk": 10, "fields": {"menu_name": "페퍼민트", "menu_price": 4500, "menu_category": 3}}, {"model": "kiosk.menu", "pk": 11, "fields": {"menu_name": "녹차", "menu_price": 4500, "menu_category": 3}}, {"model": "kiosk.menu", "pk": 12, "fields": {"menu_name": "캐모마일", "menu_price": 4500, "menu_category": 3}}, {"model": "kiosk.menu", "pk": 13, "fields": {"menu_name": "얼그레이", "menu_price": 4500, "menu_category": 3}}, {"model": "kiosk.menu", "pk": 14, "fields": {"menu_name": "그린티프라페", "menu_price": 5000, "menu_category": 4}}, {"model": "kiosk.menu", "pk": 15, "fields": {"menu_name": "오레오프라페", "menu_price": 5000, "menu_category": 4}}, {"model": "kiosk.menu", "pk": 16, "fields": {"menu_name": "모카프라페", "menu_price": 5000, "menu_category": 4}}, {"model": "kiosk.menu", "pk": 17, "fields": {"menu_name": "망고프라페", "menu_price": 5000, "menu_category": 4}}, {"model": "kiosk.menu", "pk": 18, "fields": {"menu_name": "딸기프라페", "menu_price": 5000, "menu_category": 4}}, {"model": "kiosk.menu", "pk": 19, "fields": {"menu_name": "당근케이크", "menu_price": 3800, "menu_category": 5}}, {"model": "kiosk.menu", "pk": 20, "fields": {"menu_name": "레드벨벳케이크", "menu_price": 4300, "menu_category": 5}}, {"model": "kiosk.menu", "pk": 21, "fields": {"menu_name": "홍차쉬폰", "menu_price": 4300, "menu_category": 5}}, {"model": "kiosk.menu", "pk": 22, "fields": {"menu_name": "리얼초콜릿", "menu_price": 4300, "menu_category": 5}}, {"model": "kiosk.menu", "pk": 23, "fields": {"menu_name": "체리치즈케이크", "menu_price": 4800, "menu_category": 5}}, {"model": "kiosk.menu", "pk": 24, "fields": {"menu_name": "치킨 샐러드", "menu_price": 8800, "menu_category": 6}}, {"model": "kiosk.menu", "pk": 25, "fields": {"menu_name": "시저 샐러드", "menu_price": 8300, "menu_category": 6}}, {"model": "kiosk.menu", "pk": 26, "fields": {"menu_name": "망고 쉬림프 샐러드", "menu_price": 9300, "menu_category": 6}}, {"model": "kiosk.menu", "pk": 27, "fields": {"menu_name": "카프레제 샐러드", "menu_price": 8800, "menu_category": 6}}, {"model": "kiosk.order", "pk": 1, "fields": {"menu": 3, "menu_count": 4, "order_id": 1, "order_date": "2024-04-18T14:35:58.508"}}, {"model": "kiosk.order", "pk": 2, "fields": {"menu": 2, "menu_count": 2, "order_id": 1, "order_date": "2024-04-18T14:36:00.266"}}, {"model": "kiosk.order", "pk": 3, "fields": {"menu": 5, "menu_count": 3, "order_id": 1, "order_date": "2024-04-18T14:36:03.702"}}, {"model": "kiosk.order", "pk": 4, "fields": {"menu": 4, "menu_count": 1, "order_id": 1, "order_date": "2024-04-18T14:36:04.600"}}, {"model": "kiosk.order", "pk": 5, "fields": {"menu": 16, "menu_count": 1, "order_id": 1, "order_date": "2024-04-18T14:42:15.743"}}]